i,x,f(x),x²,x³,x⁴,x·f(x),x²·f(x)
1,53,1.076701,2809,148877,7890481,57.065148,3024.4528
2,55,1.076645,3025,166375,9150625,59.215475,3256.8511
3,56,1.076654,3136,175616,9834496,60.292635,3376.3876
4,57,1.075398,3249,185193,10556001,61.297663,3493.9668
5,58,1.076586,3364,195112,11316496,62.441976,3621.6346
6,59,1.075263,3481,205379,12117361,63.440505,3742.9898
7,65,1.07652,4225,274625,17850625,69.973774,4548.2953
8,66,1.076563,4356,287496,18974736,71.053171,4689.5093
9,67,1.076672,4489,300763,20151121,72.137051,4833.1824
10,68,1.076534,4624,314432,21381376,73.204332,4977.8946
11,69,1.076648,4761,328509,22667121,74.288684,5125.9192
12,70,1.0766,4900,343000,24010000,75.362014,5275.341
13,71,1.075334,5041,357911,25411681,76.34875,5420.7612
14,72,1.076397,5184,373248,26873856,77.500598,5580.0431
15,73,1.07514,5329,389017,28398241,78.48522,5729.4211
16,74,1.076374,5476,405224,29986576,79.651646,5894.2218
17,75,1.076251,5625,421875,31640625,80.718848,6053.9136
18,76,1.076326,5776,438976,33362176,81.800806,6216.8613
19,77,1.07629,5929,456533,35153041,82.874345,6381.3246
20,78,1.076319,6084,474552,37015056,83.952898,6548.326
21,79,1.076204,6241,493039,38950081,85.020156,6716.5923
22,80,1.076236,6400,512000,40960000,86.09892,6887.9136
23,81,1.076244,6561,531441,43046721,87.175796,7061.2395
24,82,1.0762,6724,551368,45212176,88.248359,7236.3654
25,83,1.076188,6889,571787,47458321,89.323621,7413.8605
26,84,1.076226,7056,592704,49787136,90.403026,7593.8542
27,85,1.076333,7225,614125,52200625,91.488296,7776.5052
28,86,1.076051,7396,636056,54700816,92.540403,7958.4747
29,87,1.076226,7569,658503,57289761,93.631697,8145.9576
30,88,1.076053,7744,681472,59969536,94.692664,8332.9544
31,89,1.074946,7921,704969,62742241,95.67023,8514.6504
32,90,1.076125,8100,729000,65610000,96.851241,8716.6117
33,91,1.07604,8281,753571,68574961,97.919686,8910.6914
34,92,1.074808,8464,778688,71639296,98.882327,9097.1741
35,93,1.07599,8649,804357,74805201,100.067089,9306.2392
36,94,1.075898,8836,830584,78074896,101.134459,9506.6391
37,95,1.075824,9025,857375,81450625,102.203328,9709.3161
38,96,1.075875,9216,884736,84934656,103.284029,9915.2668
39,97,1.075842,9409,912673,88529281,104.356664,10122.5964
40,98,1.075911,9604,941192,92236816,105.439298,10333.0512
41,99,1.075878,9801,970299,96059601,106.511962,10544.6842
42,100,1.075913,10000,1000000,100000000,107.59126,10759.126
43,101,1.075842,10201,1030301,104060401,108.659991,10974.6591
44,102,1.075789,10404,1061208,108243216,109.730437,11192.5046
45,103,1.075822,10609,1092727,112550881,110.809645,11413.3935
46,104,1.075783,10816,1124864,116985856,111.881463,11635.6722
47,105,1.075828,11025,1157625,121550625,112.961919,11861.0015
48,106,1.075864,11236,1191016,126247696,114.041626,12088.4124
49,107,1.075638,11449,1225043,131079601,115.093298,12314.9829
50,108,1.075746,11664,1259712,136048896,116.180557,12547.5002
51,109,1.075728,11881,1295029,141158161,117.254374,12780.7267
52,110,1.075666,12100,1331000,146410000,118.323227,13015.555
53,111,1.075623,12321,1367631,151807041,119.394175,13252.7534
54,112,1.075621,12544,1404928,157351936,120.469563,13492.5911
55,113,1.07567,12769,1442897,163047361,121.550699,13735.229
56,114,1.075596,12996,1481544,168896016,122.617955,13978.4469
57,115,1.074199,13225,1520875,174900625,123.53285,14206.2778
58,116,1.075638,13456,1560896,181063936,124.774031,14473.7876
59,117,1.075603,13689,1601613,187388721,125.845574,14723.9322
60,118,1.075515,13924,1643032,193877776,126.910723,14975.4653
61,119,1.075504,14161,1685159,200533921,127.985036,15230.2192
62,120,1.075389,14400,1728000,207360000,129.046656,15485.5987
63,121,1.075251,14641,1771561,214358881,130.105407,15742.7543
64,122,1.075214,14884,1815848,221533456,131.176108,16003.4852
65,123,1.075224,15129,1860867,228886641,132.252614,16267.0715
66,124,1.075181,15376,1906624,236421376,133.322456,16531.9846
67,125,1.075212,15625,1953125,244140625,134.401562,16800.1953
68,126,1.075228,15876,2000376,252047376,135.478741,17070.3213
69,127,1.07524,16129,2048383,260144641,136.55548,17342.546
70,128,1.075288,16384,2097152,268435456,137.636813,17617.512
71,129,1.075219,16641,2146689,276922881,138.703212,17892.7144
72,130,1.075147,16900,2197000,285610000,139.76911,18169.9843
73,131,1.075126,17161,2248091,294499921,140.841558,18450.2442
74,132,1.073757,17424,2299968,303595776,141.735977,18709.1489
75,133,1.074738,17689,2352637,312900721,142.940207,19011.0476
76,134,1.074445,17956,2406104,322417936,143.975643,19292.7362
77,135,1.072847,18225,2460375,332150625,144.834332,19552.6348
78,136,1.072844,18496,2515456,342102016,145.906798,19843.3245
79,137,1.07452,18769,2571353,352275361,147.20924,20167.6659
80,138,1.073329,19044,2628072,362673936,148.119402,20440.4775
81,139,1.074769,19321,2685619,373301041,149.392877,20765.6099
82,140,1.074748,19600,2744000,384160000,150.464748,21065.0647
83,141,1.071034,19881,2803221,395254161,151.015752,21293.221
84,142,1.074666,20164,2863288,406586896,152.602629,21669.5733
85,143,1.07472,20449,2924207,418161601,153.684931,21976.9452
86,144,1.074691,20736,2985984,429981696,154.755446,22284.7843
87,145,1.072199,21025,3048625,442050625,155.468797,22542.9756
88,146,1.073395,21316,3112136,454371856,156.715641,22880.4836
89,147,1.074539,21609,3176523,466948881,157.957218,23219.7111
90,148,1.074387,21904,3241792,479785216,159.00932,23533.3794
91,149,1.074088,22201,3307949,492884401,160.039097,23845.8255
92,150,1.074415,22500,3375000,506250000,161.16228,24174.342
93,151,1.074378,22801,3442951,519885601,162.231078,24496.8928
94,152,1.074359,23104,3511808,533794816,163.302614,24821.9973
95,153,1.074277,23409,3581577,547981281,164.364335,25147.7433
96,154,1.074231,23716,3652264,562448656,165.431512,25476.4529
97,155,1.073968,24025,3723875,577200625,166.465024,25802.0788
98,156,1.073216,24336,3796416,592240896,167.421634,26117.7748
99,157,1.073682,24649,3869893,607573201,168.56809,26465.1901
100,158,1.073785,24964,3944312,623201296,169.657998,26805.9637
101,159,1.073896,25281,4019679,639128961,170.74948,27149.1673
102,160,1.074275,25600,4096000,655360000,171.883952,27501.4323
103,161,1.073007,25921,4173281,671898241,172.754175,27813.4222
104,162,1.07306,26244,4251528,688747536,173.835671,28161.3788
105,163,1.071574,26569,4330747,705911761,174.66648,28470.6363
106,164,1.071436,26896,4410944,723394816,175.715504,28817.3427
107,165,1.068702,27225,4492125,741200625,176.33588,29095.4201
108,166,1.067708,27556,4574296,759333136,177.239594,29421.7727
109,167,1.0725,27889,4657463,777796321,179.1075,29910.9525
110,168,1.073626,28224,4741632,796594176,180.369134,30302.0146
111,169,1.073018,28561,4826809,815730721,181.339974,30646.4557
112,170,1.073767,28900,4913000,835210000,182.540373,31031.8634
113,171,1.073939,29241,5000211,855036081,183.643535,31403.0445
114,172,1.071485,29584,5088448,875213056,184.295454,31698.8182
115,173,1.071384,29929,5177717,895745041,185.349467,32065.4577
116,174,1.070015,30276,5268024,916636176,186.18268,32395.7863
117,175,1.063932,30625,5359375,937890625,186.18803,32582.9053
118,176,1.067809,30976,5451776,959512576,187.934366,33076.4485
119,177,1.071584,31329,5545233,981506241,189.670456,33571.6708
120,178,1.06914,31684,5639752,1003875856,190.306849,33874.6191
121,179,1.07152,32041,5735339,1026625681,191.80208,34332.5723
122,180,1.070211,32400,5832000,1049760000,192.637926,34674.8267
123,181,1.071478,32761,5929741,1073283121,193.9375,35102.6875
124,182,1.073767,33124,6028568,1097199376,195.425521,35567.4449
125,183,1.073478,33489,6128487,1121513121,196.446419,35949.6947
126,184,1.073412,33856,6229504,1146228736,197.507863,36341.4468
127,185,1.073316,34225,6331625,1171350625,198.563442,36734.2367
128,186,1.073264,34596,6434856,1196883216,199.627067,37130.6344
129,187,1.073142,34969,6539203,1222830961,200.677648,37526.7201
130,188,1.072943,35344,6644672,1249198336,201.713284,37922.0974
131,189,1.071934,35721,6751269,1275989841,202.595507,38290.5508
132,190,1.07161,36100,6859000,1303210000,203.605938,38685.1282
133,191,1.07247,36481,6967871,1330863361,204.841866,39124.7963
134,192,1.072864,36864,7077888,1358954496,205.98985,39550.0511
135,193,1.073096,37249,7189057,1387488001,207.107509,39971.7492
136,194,1.069645,37636,7301384,1416468496,207.511052,40257.1442
137,195,1.070941,38025,7414875,1445900625,208.833554,40722.5429
138,196,1.064749,38416,7529536,1475789056,208.690765,40903.3899
139,197,1.067211,38809,7645373,1506138481,210.240567,41417.3917
140,198,1.069285,39204,7762392,1536953616,211.71847,41920.257
141,199,1.064405,39601,7880599,1568239201,211.816535,42151.4905
142,200,1.069248,40000,8000000,1600000000,213.84956,42769.912
143,201,1.072961,40401,8120601,1632240801,215.665201,43348.7054
144,202,1.071951,40804,8242408,1664966416,216.534163,43739.9008
145,203,1.073483,41209,8365427,1698181681,217.916968,44237.1445
146,204,1.071111,41616,8489664,1731891456,218.506562,44575.3387
147,205,1.072836,42025,8615125,1766100625,219.93136,45085.9287
148,206,1.068616,42436,8741816,1800814096,220.134814,45347.7716
149,207,1.072255,42849,8869743,1836036801,221.956847,45945.0673
150,208,1.072209,43264,8998912,1871773696,223.01943,46388.0415
151,209,1.073086,43681,9129329,1908029761,224.274932,46873.4608
152,210,1.072887,44100,9261000,1944810000,225.306186,47314.2991
153,211,1.072836,44521,9393931,1982119441,226.368354,47763.7227
154,212,1.072808,44944,9528128,2019963136,227.435232,48216.2693
155,213,1.07278,45369,9663597,2058346161,228.50214,48670.9558
156,214,1.072669,45796,9800344,2097273616,229.551252,49123.9678
157,215,1.072575,46225,9938375,2136750625,230.603646,49579.784
158,216,1.071491,46656,10077696,2176782336,231.442099,49991.4934
159,217,1.072529,47089,10218313,2217373921,232.738836,50504.3275
160,218,1.072256,47524,10360232,2258530576,233.751852,50957.9036
161,219,1.072226,47961,10503459,2300257521,234.81756,51425.0456
162,220,1.0703,48400,10648000,2342560000,235.465934,51802.5055
163,221,1.0709,48841,10793861,2385443281,236.668988,52303.8464
164,222,1.071755,49284,10941048,2428912656,237.929543,52820.3586
165,223,1.072082,49729,11089567,2472973441,239.074264,53313.5608
166,224,1.072664,50176,11239424,2517630976,240.276691,53821.9788
167,225,1.068663,50625,11390625,2562890625,240.449153,54101.0593
168,226,1.068747,51076,11543176,2608757776,241.536799,54587.3167
169,227,1.066107,51529,11697083,2655237841,242.006266,54935.4225
170,228,1.065933,51984,11852352,2702336256,243.032633,55411.4403
171,229,1.067914,52441,12008989,2750058481,244.552237,56002.4623
172,230,1.068548,52900,12167000,2798410000,245.765994,56526.1786
173,231,1.071534,53361,12326391,2847396321,247.524331,57178.1204
174,232,1.07251,53824,12487168,2897022976,248.822413,57726.7998
175,233,1.072442,54289,12649337,2947295521,249.87887,58221.7766
176,234,1.072302,54756,12812904,2998219536,250.918574,58714.9464
177,235,1.07228,55225,12977875,3049800625,251.9858,59216.663
178,236,1.065974,55696,13144256,3102044416,251.569746,59370.4601
179,237,1.070775,56169,13312053,3154956561,253.773651,60144.3554
180,238,1.069517,56644,13481272,3208542736,254.545022,60581.7153
181,239,1.063406,57121,13651919,3262808641,254.153938,60742.7913
182,240,1.06944,57600,13824000,3317760000,256.665648,61599.7555
183,241,1.068152,58081,13997521,3373402561,257.42468,62039.3479
184,242,1.070517,58564,14172488,3429742096,259.065138,62693.7634
185,243,1.071526,59049,14348907,3486784401,260.380915,63272.5624
186,244,1.071109,59536,14526784,3544535296,261.350669,63769.5633
187,245,1.07132,60025,14706125,3603000625,262.473302,64305.959
188,246,1.071338,60516,14886936,3662186256,263.54905,64833.0662
189,247,1.071448,61009,15069223,3722098081,264.647557,65367.9466
190,248,1.071353,61504,15252992,3782742016,265.695569,65892.5011
191,249,1.071695,62001,15438249,3844124001,266.852105,66446.1741
192,250,1.071188,62500,15625000,3906250000,267.797,66949.25
193,251,1.069211,63001,15813251,3969126001,268.371986,67361.3685
194,252,1.069451,63504,16003008,4032758016,269.501702,67914.429
195,253,1.071314,64009,16194277,4097152081,271.042366,68573.7186
196,254,1.06657,64516,16387064,4162314256,270.908882,68810.8559
197,255,1.071669,65025,16581375,4228250625,273.27562,69685.2832
198,256,1.06809,65536,16777216,4294967296,273.43104,69998.3462
199,257,1.052204,66049,16974593,4362470401,270.416531,69497.0484
200,258,1.05941,66564,17173512,4430766096,273.327703,70518.5473
201,259,1.062722,67081,17373979,4499860561,275.244998,71288.4545
202,260,1.065221,67600,17576000,4569760000,276.95746,72008.9396
203,261,1.067569,68121,17779581,4640470641,278.635613,72723.8951
204,262,1.071325,68644,17984728,4711998736,280.687176,73540.0402
205,263,1.070654,69169,18191447,4784350561,281.582002,74056.0665
206,264,1.070429,69696,18399744,4857532416,282.593256,74604.6196
207,265,1.069873,70225,18609625,4931550625,283.516239,75131.8033
208,266,1.067454,70756,18821096,5006411536,283.942737,75528.7681
209,267,1.067901,71289,19034163,5082121521,285.129567,76129.5944
210,268,1.071026,71824,19248832,5158686976,287.034834,76925.3355
211,269,1.070958,72361,19465109,5236114321,288.087836,77495.628
212,270,1.070919,72900,19683000,5314410000,289.148211,78070.017
213,271,1.070841,73441,19902511,5393580481,290.198019,78643.6633
214,272,1.069724,73984,20123648,5473632256,290.965037,79142.49
215,273,1.070493,74529,20346417,5554571841,292.244562,79782.7653
216,274,1.070785,75076,20570824,5636405776,293.395008,80390.2321
217,275,1.070703,75625,20796875,5719140625,294.443325,80971.9144
218,276,1.070612,76176,21024576,5802782976,295.488857,81554.9245
219,277,1.070097,76729,21253933,5887339441,296.41698,82107.5034
220,278,1.070269,77284,21484952,5972816656,297.534782,82714.6694
221,279,1.069909,77841,21717639,6059221281,298.504639,83282.7943
222,280,1.069939,78400,21952000,6146560000,299.582892,83883.2098
223,281,1.06919,78961,22188041,6234839521,300.442334,84424.2958
224,282,1.066622,79524,22425768,6324066576,300.787348,84822.032
225,283,1.066286,80089,22665187,6414247921,301.759023,85397.8035
226,284,1.065146,80656,22906304,6505390336,302.501436,85910.4077
227,285,1.069101,81225,23149125,6597500625,304.693842,86837.745
228,286,1.068527,81796,23393656,6690585616,305.598808,87401.259
229,287,1.070872,82369,23639903,6784652161,307.340321,88206.6722
230,288,1.068974,82944,23887872,6879707136,307.864598,88665.0043
231,289,1.069585,83521,24137569,6975757441,309.109949,89332.7754
232,290,1.069801,84100,24389000,7072810000,310.242377,89970.2893
233,291,1.070136,84681,24642171,7170871761,311.409663,90620.212
234,292,1.070017,85264,24897088,7269949696,312.445052,91233.9551
235,293,1.06983,85849,25153757,7370050801,313.460102,91843.8099
236,294,1.064631,86436,25412184,7471182096,313.001573,92022.4624
237,295,1.06767,87025,25672375,7573350625,314.96265,92913.9817
238,296,1.067037,87616,25934336,7676563456,315.843011,93489.5313
239,297,1.069961,88209,26198073,7780827681,317.778447,94380.1987
240,298,1.069836,88804,26463592,7886150416,318.811247,95005.7517
241,299,1.069743,89401,26730899,7992538801,319.853277,95636.1297
242,300,1.069616,90000,27000000,8100000000,320.88471,96265.413
243,301,1.069882,90601,27270901,8208541201,322.034633,96932.4244
244,302,1.069885,91204,27543608,8318169616,323.105361,97577.8189
245,303,1.069128,91809,27818127,8428892481,323.945663,98155.5358
246,304,1.066744,92416,28094464,8540717056,324.290298,98584.2505
247,305,1.068861,93025,28372625,8653650625,326.002544,99430.7759
248,306,1.069142,93636,28652616,8767700496,327.157421,100110.1709
249,307,1.069192,94249,28934443,8882874001,328.241791,100770.2297
250,308,1.069607,94864,29218112,8999178496,329.438894,101467.1795
251,309,1.069669,95481,29503629,9116621361,330.527845,102133.104
252,310,1.068412,96100,29791000,9235210000,331.207627,102674.3644
253,311,1.069277,96721,30080231,9354951841,332.545209,103421.5601
254,312,1.062872,97344,30371328,9475854336,331.616158,103464.2412
255,313,1.064725,97969,30664297,9597924961,333.258925,104310.0435
256,314,1.064865,98596,30959144,9721171216,334.367579,104991.4197
257,315,1.069035,99225,31255875,9845600625,336.746088,106075.0177
258,316,1.068496,99856,31554496,9971220736,337.644768,106695.7466
259,317,1.069334,100489,31855013,10098039121,338.978846,107456.2943
260,318,1.069314,101124,32157432,10226063376,340.04182,108133.2988
261,319,1.069307,101761,32461759,10355301121,341.108837,108813.7191
262,320,1.069352,102400,32768000,10485760000,342.1928,109501.696
263,321,1.067997,103041,33076161,10617447681,342.827005,110047.4686
264,322,1.06758,103684,33386248,10750371856,343.760728,110690.9544
265,323,1.067449,104329,33698267,10884540241,344.786027,111365.8867
266,324,1.066172,104976,34012224,11019960576,345.439598,111922.4299
267,325,1.066994,105625,34328125,11156640625,346.77305,112701.2412
268,326,1.068594,106276,34645976,11294588176,348.361611,113565.8853
269,327,1.067979,106929,34965783,11433811041,349.229198,114197.9479
270,328,1.06849,107584,35287552,11574317056,350.464687,114952.4174
271,329,1.06734,108241,35611289,11716114081,351.155024,115530.0031
272,330,1.067081,108900,35937000,11859210000,352.136829,116205.1536
273,331,1.066922,109561,36264691,12003612721,353.151215,116893.0522
274,332,1.064526,110224,36594368,12149330176,353.422665,117336.3248
275,333,1.064402,110889,36926037,12296370321,354.445933,118030.4956
276,334,1.069533,111556,37259704,12444741136,357.223989,119312.8122
277,335,1.068778,112225,37595375,12594450625,358.040697,119943.6335
278,336,1.070271,112896,37933056,12745506816,359.61109,120829.3261
279,337,1.07034,113569,38272753,12897917761,360.704681,121557.4775
280,338,1.070334,114244,38614472,13051691536,361.772926,122279.2489
281,339,1.070029,114921,38958219,13206836241,362.739831,122968.8027
282,340,1.066999,115600,39304000,13363360000,362.779728,123345.1075
283,341,1.06794,116281,39651821,13521270961,364.167676,124181.1777
284,342,1.069568,116964,40001688,13680577296,365.792427,125101.01
285,343,1.067512,117649,40353607,13841287201,366.156582,125591.7075
286,344,1.067406,118336,40707584,14003408896,367.187698,126312.5682
287,345,1.067782,119025,41063625,14166950625,368.384928,127092.8002
288,346,1.06914,119716,41421736,14331920656,369.922578,127993.2121
289,347,1.069061,120409,41781923,14498327281,370.964236,128724.59
290,348,1.069039,121104,42144192,14666178816,372.025607,129464.9112
291,349,1.067674,121801,42508549,14835483601,372.618156,130043.7365
292,350,1.065442,122500,42875000,15006250000,372.904805,130516.6818
293,351,1.066672,123201,43243551,15178486401,374.401872,131415.0571
294,352,1.065249,123904,43614208,15352201216,374.967648,131988.6121
295,353,1.067323,124609,43986977,15527402881,376.765019,132998.0517
296,354,1.068309,125316,44361864,15704099856,378.181457,133876.2357
297,355,1.069017,126025,44738875,15882300625,379.501,134722.8548
298,356,1.067724,126736,45118016,16062013696,380.109673,135319.0435
299,357,1.060736,127449,45499293,16243247601,378.682609,135189.6915
300,358,1.067499,128164,45882712,16426010896,382.16457,136814.9162
301,359,1.065065,128881,46268279,16610312161,382.358479,137266.6938
302,360,1.065,129600,46656000,16796160000,383.399856,138023.9482
303,361,1.067866,130321,47045881,16983563041,385.49977,139165.4171
304,362,1.068412,131044,47437928,17172529936,386.765072,140008.9559
305,363,1.068219,131769,47832147,17363069361,387.763642,140758.2021
306,364,1.068793,132496,48228544,17555190016,389.040725,141610.8238
307,365,1.0692,133225,48627125,17748900625,390.25811,142444.21
308,366,1.069187,133956,49027896,17944209936,391.322588,143224.0674
309,367,1.068893,134689,49430863,18141126721,392.283731,143968.1293
310,368,1.068741,135424,49836032,18339659776,393.296835,144733.2354
311,369,1.068638,136161,50243409,18539817921,394.32757,145506.8732
312,370,1.064519,136900,50653000,18741610000,393.871882,145732.5963
313,371,1.067725,137641,51064811,18945044881,396.126086,146962.778
314,372,1.06763,138384,51478848,19150131456,397.158174,147742.8407
315,373,1.067562,139129,51895117,19356878641,398.200701,148528.8613
316,374,1.067586,139876,52313624,19565295376,399.276977,149329.5894
317,375,1.067954,140625,52734375,19775390625,400.482862,150181.0734
318,376,1.065505,141376,53157376,19987173376,400.629842,150636.8207
319,377,1.065346,142129,53582633,20200652641,401.63548,151416.5758
320,378,1.062948,142884,54010152,20415837456,401.79442,151878.2906
321,379,1.059456,143641,54439939,20632736881,401.533672,152181.2618
322,380,1.065367,144400,54872000,20851360000,404.839346,153838.9515
323,381,1.068119,145161,55306341,21071715921,406.953301,155049.2076
324,382,1.068004,145924,55742968,21293813776,407.977413,155847.3719
325,383,1.067912,146689,56181887,21517662721,409.010334,156650.958
326,384,1.067308,147456,56623104,21743271936,409.846426,157381.0274
327,385,1.067424,148225,57066625,21970650625,410.958432,158218.9965
328,386,1.0676,148996,57512456,22199808016,412.093523,159068.0998
329,387,1.068161,149769,57960603,22430753361,413.378462,159977.4647
330,388,1.066788,150544,58411072,22663495936,413.913899,160598.5929
331,389,1.049912,151321,58863869,22898045041,408.415651,158873.6884
332,390,1.048782,152100,59319000,23134410000,409.024941,159519.727
333,391,1.040984,152881,59776471,23372600161,407.024822,159146.7055
334,392,1.054733,153664,60236288,23612624896,413.455336,162074.4917
335,393,1.066344,154449,60698457,23854493601,419.073113,164695.7336
336,394,1.063675,155236,61162984,24098215696,419.087832,165120.6057
337,395,1.066135,156025,61629875,24343800625,421.123404,166343.7446
338,396,1.067439,156816,62099136,24591257856,422.705844,167391.5142
339,397,1.063289,157609,62570773,24840596881,422.125654,167583.8845
340,398,1.06475,158404,63044792,25091827216,423.770381,168660.6115
341,399,1.065233,159201,63521199,25344958401,425.027807,169586.0952
342,400,1.063678,160000,64000000,25600000000,425.47132,170188.528
343,401,1.065893,160801,64481201,25856961601,427.423013,171396.6281
344,402,1.061992,161604,64964808,26115852816,426.920905,171622.2036
345,403,1.059456,162409,65450827,26376683281,426.960728,172065.1733
346,404,1.058076,163216,65939264,26639462656,427.462704,172694.9324
347,405,1.044961,164025,66430125,26904200625,423.209043,171399.6624
348,406,1.060886,164836,66923416,27170906896,430.719513,174872.1223
349,407,1.054832,165649,67419143,27439591201,429.316746,174731.9157
350,408,1.04266,166464,67917312,27710263296,425.405076,173565.271
351,409,1.066958,167281,68417929,27982932961,436.386026,178481.8848
352,410,1.06567,168100,68921000,28257610000,436.924659,179139.1102
353,411,1.065674,168921,69426531,28534304241,437.99222,180014.8022
354,412,1.066538,169744,69934528,28813025536,439.41378,181038.4772
355,413,1.062942,170569,70444997,29093783761,438.995005,181304.9369
356,414,1.055619,171396,70957944,29376588816,437.026349,180928.9084
357,415,1.066964,172225,71473375,29661450625,442.790226,183757.9438
358,416,1.064586,173056,71991296,29948379136,442.867984,184233.0813
359,417,1.043953,173889,72511713,30237384321,435.328234,181531.8737
360,418,1.05604,174724,73034632,30528476176,441.424804,184515.5679
361,419,1.066907,175561,73560059,30821664721,447.034159,187307.3125
362,420,1.066283,176400,74088000,31116960000,447.838986,188092.3741
363,421,1.066753,177241,74618461,31414372081,449.103055,189072.3862
364,422,1.066135,178084,75151448,31713911056,449.909097,189861.6388
365,423,1.063808,178929,75686967,32015587041,449.990784,190346.1016
366,424,1.063803,179776,76225024,32319410176,451.052387,191246.2122
367,425,1.064928,180625,76765625,32625390625,452.594442,192352.6381
368,426,1.063532,181476,77308776,32933538576,453.064589,193005.5151
369,427,1.064642,182329,77854483,33243864241,454.602049,194115.0748
370,428,1.051359,183184,78402752,33556377856,449.981738,192592.1837
371,429,1.06221,184041,78953589,33871089681,455.687961,195490.1354
372,430,1.054874,184900,79507000,34188010000,453.596035,195046.295
373,431,1.056126,185761,80062991,34507149121,455.190306,196187.0219
374,432,1.054855,186624,80621568,34828517376,455.69749,196861.3155
375,433,1.04013,187489,81182737,35152125121,450.376333,195012.9523
376,434,1.056043,188356,81746504,35477982736,458.322488,198911.96
377,435,1.064447,189225,82312875,35806100625,463.034619,201420.0593
378,436,1.063074,190096,82881856,36136489216,463.50022,202086.0961
379,437,1.064386,190969,83453453,36469158961,465.136551,203264.6727
380,438,1.065268,191844,84027672,36804120336,466.58734,204365.255
381,439,1.060563,192721,84604519,37141383841,465.587201,204392.7812
382,440,1.061882,193600,85184000,37480960000,467.22808,205580.3552
383,441,1.060433,194481,85766121,37822859361,467.650909,206234.0508
384,442,1.06252,195364,86350888,38167092496,469.633663,207578.0791
385,443,1.063943,196249,86938307,38513670001,471.326926,208797.8283
386,444,1.065631,197136,87528384,38862602496,473.14012,210074.2131
387,445,1.065956,198025,88121125,39213900625,474.350198,211085.8379
388,446,1.064377,198916,88716536,39567575056,474.711964,211721.5358
389,447,1.059249,199809,89314623,39923636481,473.484124,211647.4035
390,448,1.064343,200704,89915392,40282095616,476.825664,213617.8975
391,449,1.065281,201601,90518849,40642963201,478.311079,214761.6746
392,450,1.0653,202500,91125000,41006250000,479.384865,215723.1892
393,451,1.065165,203401,91733851,41371966801,480.389595,216655.7075
394,452,1.064838,204304,92345408,41740124416,481.306866,217550.7036
395,453,1.064746,205209,92959677,42110733681,482.330074,218495.5235
396,454,1.064704,206116,93576664,42483805456,483.375571,219452.5091
397,455,1.063228,207025,94196375,42859350625,483.76874,220114.7767
398,456,1.054764,207936,94818816,43237380096,480.972202,219323.3239
399,457,1.063291,208849,95443993,43617904801,485.92385,222067.1994
400,458,1.064048,209764,96071912,44000935696,487.333801,223198.8808
401,459,1.060768,210681,96702579,44386483761,486.892512,223483.663
402,460,1.061019,211600,97336000,44774560000,488.068832,224511.6627
403,461,1.064518,212521,97972181,45165175441,490.742568,226232.3236
404,462,1.059938,213444,98611128,45558341136,489.691217,226237.3424
405,463,1.063295,214369,99252847,45954068161,492.305539,227937.4644
406,464,1.062016,215296,99897344,46352367616,492.775424,228647.7967
407,465,1.060432,216225,100544625,46753250625,493.10088,229291.9092
408,466,1.063256,217156,101194696,47156728336,495.477482,230892.5068
409,467,1.059411,218089,101847563,47562811921,494.745124,231045.9728
410,468,1.063498,219024,102503232,47971512576,497.717204,232931.6517
411,469,1.060101,219961,103161709,48382841521,497.187275,233180.8321
412,470,1.057823,220900,103823000,48796810000,497.176716,233673.0565
413,471,1.061189,221841,104487111,49213429281,499.819878,235415.1624
414,472,1.041633,222784,105154048,49632710656,491.650682,232059.1217
415,473,1.061265,223729,105823817,50054665441,501.978392,237435.7796
416,474,1.064707,224676,106496424,50479304976,504.671213,239214.1549
417,475,1.064676,225625,107171875,50906640625,505.721005,240217.4774
418,476,1.0642,226576,107850176,51336683776,506.559057,241122.1112
419,477,1.064227,227529,108531333,51769445841,507.636422,242142.5733
420,478,1.063341,228484,109215352,52204938256,508.276902,242956.3593
421,479,1.063984,229441,109902239,52643172481,509.648528,244121.6447
422,480,1.056631,230400,110592000,53084160000,507.182688,243447.6902
423,481,1.050668,231361,111284641,53527912321,505.371356,243083.6223
424,482,1.058108,232324,111980168,53974440976,510.008056,245823.883
425,483,1.057606,233289,112678587,54423757521,510.823698,246727.8461
426,484,1.056636,234256,113379904,54875873536,511.411824,247523.3228
427,485,1.061269,235225,114084125,55330800625,514.715562,249637.0476
428,486,1.051676,236196,114791256,55788550416,511.114536,248401.6645
429,487,1.0553,237169,115501303,56249134561,513.931344,250284.5643
430,488,1.062702,238144,116214272,56712564736,518.598478,253076.0575
431,489,1.061066,239121,116930169,57178852641,518.861078,253723.0673
432,490,1.061181,240100,117649000,57648010000,519.978641,254789.5341
433,491,1.062433,241081,118370771,58120048561,521.654652,256132.4342
434,492,1.062424,242064,119095488,58594980096,522.712559,257174.5789
435,493,1.062617,243049,119823157,59072816401,523.870378,258268.0965
436,494,1.06243,244036,120553784,59553569296,524.84042,259271.1675
437,495,1.062134,245025,121287375,60037250625,525.75628,260249.3588
438,496,1.059418,246016,122023936,60523872256,525.471427,260633.8279
439,497,1.059647,247009,122763473,61013446081,526.64436,261742.247
440,498,1.062481,248004,123505992,61505984016,529.115737,263499.6371
441,499,1.062648,249001,124251499,62001498001,530.261402,264600.4395
442,500,1.061404,250000,125000000,62500000000,530.702,265351.0
443,501,1.062149,251001,125751501,63001502001,532.136449,266600.3607
444,502,1.060998,252004,126506008,63506016016,532.621096,267375.7904
445,503,1.057787,253009,127263527,64013554081,532.066911,267629.6564
446,504,1.060446,254016,128024064,64524128256,534.464834,269370.2765
447,505,1.061581,255025,128787625,65037750625,536.098304,270729.6435
448,506,1.06176,256036,129554216,65554433296,537.250813,271848.9114
449,507,1.061998,257049,130323843,66074188401,538.433189,272985.6267
450,508,1.058044,258064,131096512,66597028096,537.486504,273043.1442
451,509,1.052872,259081,131872229,67122964561,535.912052,272779.2343
452,510,1.051912,260100,132651000,67652010000,536.475324,273602.4152
453,511,1.05472,261121,133432831,68184176641,538.961716,275409.4367
454,512,1.037389,262144,134217728,68719476736,531.143322,271945.3807
455,513,1.054494,263169,135005697,69257922561,540.955268,277510.0525
456,514,1.061681,264196,135796744,69799526416,545.704034,280491.8735
457,515,1.061174,265225,136590875,70344300625,546.504404,281449.7681
458,516,1.05679,266256,137388096,70892257536,545.303588,281376.6516
459,517,1.058567,267289,138188413,71443409521,547.278984,282943.2347
460,518,1.058822,268324,138991832,71997768976,548.470055,284107.4885
461,519,1.056471,269361,139798359,72555348321,548.308397,284572.0581
462,520,1.060141,270400,140608000,73116160000,551.273372,286662.1534
463,521,1.060352,271441,141420761,73680216481,552.443288,287822.9529
464,522,1.04334,272484,142236648,74247530256,544.623323,284293.3748
465,523,1.054184,273529,143055667,74818113841,551.338337,288349.95
466,524,1.061229,274576,143877824,75391979776,556.083944,291387.9864
467,525,1.055348,275625,144703125,75969140625,554.057805,290880.3476
468,526,1.045835,276676,145531576,76549608976,550.109157,289357.4168
469,527,1.031952,277729,146363183,77133397441,543.838599,286602.9415
470,528,1.037704,278784,147197952,77720518656,547.907765,289295.2998
471,529,1.060621,279841,148035889,78310985281,561.06835,296805.1573
472,530,1.05618,280900,148877000,78904810000,559.775612,296681.0744
473,531,1.060632,281961,149721291,79502005521,563.195751,299056.9439
474,532,1.044998,283024,150568768,80102584576,555.938723,295759.4007
475,533,1.05442,284089,151419437,80706559921,562.005753,299549.0666
476,534,1.048906,285156,152273304,81313944336,560.115537,299101.6968
477,535,1.055442,286225,153130375,81924750625,564.661202,302093.7433
478,536,1.051696,287296,153990656,82538991616,563.708842,302147.9391
479,537,1.055194,288369,154854153,83156680161,566.639393,304285.3539
480,538,1.058147,289444,155720872,83777829136,569.282925,306274.2134
481,539,1.057614,290521,156590819,84402451441,570.053676,307258.9316
482,540,1.060317,291600,157464000,85030560000,572.571288,309188.4955
483,541,1.05921,292681,158340421,85662167761,573.032664,310010.6713
484,542,1.059129,293764,159220088,86297287696,574.047972,311134.0009
485,543,1.056567,294849,160103007,86935932801,573.716098,311527.8413
486,544,1.049164,295936,160989184,87578116096,570.745162,310485.3679
487,545,1.054124,297025,161878625,88223850625,574.497634,313101.2108
488,546,1.05767,298116,162771336,88873149456,577.487765,315308.3199
489,547,1.049066,299209,163667323,89526025681,573.838993,313889.929
490,548,1.038256,300304,164566592,90182492416,568.964452,311792.5199
491,549,1.03705,301401,165469149,90842562801,569.340176,312567.7563
492,550,1.045454,302500,166375000,91506250000,574.999645,316249.8048
493,551,1.054446,303601,167284151,92173567201,580.999581,320130.769
494,552,1.058341,304704,168196608,92844527616,584.204453,322480.8579
495,553,1.059917,305809,169112377,93519144481,586.134212,324132.219
496,554,1.055301,306916,170031464,94197431056,584.636588,323888.6696
497,555,1.060292,308025,170953875,94879400625,588.46206,326596.4433
498,556,1.060021,309136,171879616,95565066496,589.371509,327690.5591
499,557,1.059884,310249,172808693,96254442001,590.355165,328827.827
500,558,1.059732,311364,173741112,96947540496,591.330623,329962.4879
501,559,1.058577,312481,174676879,97644375361,591.744375,330785.1058
502,560,1.054891,313600,175616000,98344960000,590.73896,330813.8176
503,561,1.042264,314721,176558481,99049307841,584.710272,328022.4628
504,562,1.047643,315844,177504328,99757432336,588.77531,330891.7241
505,563,1.049976,316969,178453547,100469346961,591.13677,332810.0012
506,564,1.047174,318096,179406144,101185065216,590.606305,333101.9561
507,565,1.056861,319225,180362125,101904600625,597.126408,337376.4208
508,566,1.055071,320356,181321496,102627966736,597.170243,337998.3573
509,567,1.059273,321489,182284263,103355177121,600.608018,340544.7461
510,568,1.058955,322624,183250432,104086245376,601.486326,341644.2334
511,569,1.059443,323761,184220009,104821185121,602.822953,343006.2604
512,570,1.057874,324900,185193000,105560010000,602.988408,343703.3926
513,571,1.058019,326041,186169411,106302733681,604.128621,344957.4424
514,572,1.059449,327184,187149248,107049369856,606.005,346634.8598
515,573,1.059084,328329,188132517,107799932241,606.855247,347728.0563
516,574,1.057033,329476,189119224,108554434576,606.736827,348266.9388
517,575,1.059182,330625,190109375,109312890625,609.02988,350192.181
518,576,1.058729,331776,191102976,110075314176,609.828134,351261.0054
519,577,1.048876,332929,192100033,110841719041,605.201337,349201.1712
520,578,1.027061,334084,193100552,111612119056,593.641431,343124.7473
521,579,1.046486,335241,194104539,112386528081,605.915394,350825.0131
522,580,1.057959,336400,195112000,113164960000,613.61622,355897.4076
523,581,1.05807,337561,196122941,113947428721,614.738438,357163.0322
524,582,1.05496,338724,197137368,114733948176,613.986429,357340.1017
525,583,1.047742,339889,198155287,115524532321,610.833411,356115.8787
526,584,1.050045,341056,199176704,116319195136,613.226163,358124.0793
527,585,1.05886,342225,200201625,117117950625,619.432808,362368.1924
528,586,1.058501,343396,201230056,117920812816,620.281703,363485.0781
529,587,1.058696,344569,202262003,118727795761,621.454493,364793.7876
530,588,1.057984,345744,203297472,119538913536,622.094357,365791.4818
531,589,1.05853,346921,204336469,120354180241,623.474229,367226.3208
532,590,1.052398,348100,205379000,121173610000,620.914997,366339.8482
533,591,1.045915,349281,206425071,121997216961,618.135883,365318.307
534,592,1.056134,350464,207474688,122825015296,625.231032,370136.7709
535,593,1.057268,351649,208527857,123657019201,626.960102,371787.3404
536,594,1.047645,352836,209584584,124493242896,622.300952,369646.7654
537,595,1.056224,354025,210644875,125333700625,628.45322,373929.6662
538,596,1.056637,355216,211708736,126178406656,629.755414,375334.2265
539,597,1.043266,356409,212776173,127027375281,622.829742,371829.3562
540,598,1.04689,357604,213847192,127880620816,626.04016,374372.0158
541,599,1.056587,358801,214921799,128738157601,632.895793,379104.5798
542,600,1.054775,360000,216000000,129600000000,632.865,379719.0
543,601,1.055189,361201,217081801,130466162401,634.168469,381135.2497
544,602,1.057548,362404,218167208,131336659216,636.643836,383259.5892
545,603,1.049146,363609,219256227,132211504881,632.634917,381478.8552
546,604,1.052957,364816,220348864,133090713856,635.986088,384135.5974
547,605,1.053813,366025,221445125,133974300625,637.556804,385721.8667
548,606,1.057605,367236,222545016,134862279696,640.908691,388390.6665
549,607,1.057596,368449,223648543,135754665601,641.960893,389670.2623
550,608,1.053377,369664,224755712,136651472896,640.453459,389395.7032
551,609,1.046148,370881,225866529,137552716161,637.103949,387996.3051
552,610,1.029105,372100,226981000,138458410000,627.754172,382930.0449
553,612,1.033029,374544,229220928,140283207936,632.213626,386914.7389
554,613,1.057422,375769,230346397,141202341361,648.199441,397346.2572
555,614,1.05582,376996,231475544,142125984016,648.273664,398040.0298
556,615,1.05557,378225,232608375,143054150625,649.175673,399243.0389
557,616,1.056054,379456,233744896,143986855936,650.529326,400726.0646
558,617,1.057335,380689,234885113,144924114721,652.37588,402515.918
559,618,1.053388,381924,236029032,145865941776,650.993475,402313.9675
560,619,1.056016,383161,237176659,146812351921,653.674152,404624.2998
561,620,1.049493,384400,238328000,147763360000,650.685536,403425.0323
562,621,1.055551,385641,239483061,148718980881,655.496985,407063.6275
563,622,1.053034,386884,240641848,149679229456,654.98721,407402.0447
564,623,1.041051,388129,241804367,150644120641,648.574711,404062.0448
565,624,1.049328,389376,242970624,151613669376,654.780485,408583.0225
566,625,1.055636,390625,244140625,152587890625,659.77275,412357.9688
567,626,1.056958,391876,245314376,153566799376,661.65552,414196.3556
568,627,1.056772,393129,246491883,154550410641,662.595981,415447.6803
569,628,1.056656,394384,247673152,155538739456,663.580094,416728.2988
570,629,1.056532,395641,248858189,156531800881,664.55888,418007.5353
571,630,1.05645,396900,250047000,157529610000,665.563311,419304.8859
572,631,1.056736,398161,251239591,158532181921,666.800479,420751.1023
573,632,1.056891,399424,252435968,159539531776,667.955302,422147.7506
574,633,1.054943,400689,253636137,160551674721,667.779109,422704.1759
575,634,1.055483,401956,254840104,161568625936,669.175968,424257.564
576,635,1.055983,403225,256047875,162590400625,670.548951,425798.5839
577,636,1.05437,404496,257259456,163617014016,670.579638,426488.6498
578,637,1.05548,405769,258474853,164648481361,672.340441,428280.8612
579,638,1.02962,407044,259694072,165684817936,656.897688,419100.7247
580,639,1.023019,408321,260917119,166726039041,653.709269,417720.2228
581,640,1.053824,409600,262144000,167772160000,674.447296,431646.2694
582,641,1.051259,410881,263374721,168823196161,673.857211,431942.4724
583,642,1.053572,412164,264609288,169879162896,676.393096,434244.3674
584,643,1.044069,413449,265847707,170940075601,671.336303,431669.2426
585,644,1.047736,414736,267089984,172005949696,674.741791,434533.7133
586,645,1.051,416025,268336125,173076800625,677.894742,437242.1086
587,646,1.055515,417316,269586136,174152643856,681.862496,440483.1725
588,647,1.055098,418609,270840023,175233494881,682.64873,441673.728
589,648,1.050889,419904,272097792,176319369216,680.975942,441272.4107
590,649,1.040293,421201,273359449,177410282401,675.149832,438172.2413
591,650,1.033109,422500,274625000,178506250000,671.52098,436488.637
592,651,1.052226,423801,275894451,179607287601,684.999061,445934.3886
593,653,1.0458,426409,278445077,181824635281,682.907204,445938.4043
594,654,1.053402,427716,279726264,182940976656,688.924777,450556.8043
595,655,1.044048,429025,281011375,184062450625,683.851178,447922.5216
596,656,1.038269,430336,282300416,185189072896,681.104267,446804.3993
597,657,1.034262,431649,283593393,186320859201,679.510397,446438.3307
598,658,1.048224,432964,284890312,187457825296,689.731458,453843.2992
599,659,1.055425,434281,286191179,188599986961,695.525207,458351.1113
600,660,1.046847,435600,287496000,189747360000,690.919086,456006.5968
601,661,1.05316,436921,288804781,190899960241,696.138496,460147.5456
602,662,1.049279,438244,290117528,192057803536,694.622897,459840.3575
603,663,1.035438,439569,291434247,193220905761,686.495593,455146.5781
604,664,1.034169,440896,292754944,194389282816,686.688415,455961.1077
605,665,1.040813,442225,294079625,195562950625,692.140911,460273.7058
606,666,1.051704,443556,295408296,196741925136,700.43513,466489.7968
607,667,1.04676,444889,296740963,197926222321,698.18912,465692.1431
608,668,1.054004,446224,298077632,199115858176,704.074872,470322.0148
609,669,1.05508,447561,299418309,200310848721,705.848186,472212.4361
610,670,1.053934,448900,300763000,201511210000,706.135847,473111.0175
611,671,1.052424,450241,302111711,202716958081,706.176504,473844.4342
612,672,1.051232,451584,303464448,203928109056,706.427971,474719.5966
613,673,1.04495,452929,304821217,205144679041,703.251686,473288.385
614,674,1.023929,454276,306182024,206366684176,690.128079,465146.325
615,675,1.050086,455625,307546875,207594140625,708.808252,478445.5704
616,676,1.054307,456976,308915776,208827064576,712.711262,481792.8128
617,677,1.050754,458329,310288733,210065472241,711.360526,481591.0759
618,678,1.045605,459684,311665752,211309379856,708.920122,480647.8429
619,679,1.051112,461041,313046839,212558803681,713.704844,484605.5893
620,680,1.053678,462400,314432000,213813760000,716.501244,487220.8459
621,681,1.052654,463761,315821241,215074265121,716.857714,488180.1036
622,682,1.048833,465124,317214568,216340335376,715.304379,487837.5863
623,683,1.050034,466489,318611987,217611987121,717.173427,489829.4506
624,684,1.050843,467856,320013504,218889236736,718.776886,491643.3898
625,685,1.051689,469225,321419125,220172100625,720.407033,493478.8179
626,686,1.048397,470596,322828856,221460595216,719.200136,493371.2934
627,687,1.046491,471969,324242703,222754736961,718.93966,493911.5468
628,688,1.042221,473344,325660672,224054542336,717.04791,493328.9624
629,689,1.054438,474721,327082769,225360027841,726.507506,500563.6719
630,690,1.054102,476100,328509000,226671210000,727.330725,501858.2002
631,691,1.050632,477481,329939371,227988105361,725.986988,501657.009
632,692,1.046755,478864,331373888,229310730496,724.354529,501253.3342
633,693,1.04018,480249,332812557,230639102001,720.844879,499545.5009
634,694,1.051208,481636,334255384,231973236496,729.538283,506299.5681
635,695,1.048334,483025,335702375,233313150625,728.59213,506371.5304
636,696,1.052479,484416,337153536,234658861056,732.525384,509837.6673
637,697,1.05416,485809,338608873,236010384481,734.74959,512120.464
638,698,1.053589,487204,340068392,237367737616,735.404913,513312.629
639,699,1.051408,488601,341532099,238730937201,734.933843,513718.7559
640,700,1.052657,490000,343000000,240100000000,736.85983,515801.881
641,701,1.028162,491401,344472101,241474942801,720.741492,505239.7858
642,702,1.054232,492804,345948408,242855782416,740.070513,519529.5001
643,703,1.05404,494209,347428927,244242535681,740.989979,520915.9555
644,704,1.052857,495616,348913664,245635219456,741.211539,521812.9236
645,706,1.026876,498436,351895816,248438446096,724.974668,511832.1155
646,707,1.046093,499849,353393243,249849022801,739.587892,522888.6399
647,708,1.04883,501264,354894912,251265597696,742.571428,525740.5707
648,709,1.031429,502681,356400829,252688187761,731.283374,518479.912
649,710,1.026654,504100,357911000,254116810000,728.923985,517536.0294
650,711,1.036703,505521,359425431,255551481441,737.095833,524075.1373
651,712,1.050227,506944,360944128,256992219136,747.76141,532406.1242
652,713,1.05352,508369,362467097,258439040161,751.159831,535576.9597
653,714,1.054434,509796,363994344,259891961616,752.866162,537546.4394
654,715,1.052043,511225,365525875,261351000625,752.210602,537830.5804
655,716,1.049241,512656,367061696,262816174336,751.256341,537899.5403
656,717,1.052522,514089,368601813,264287499921,754.658059,541089.8282
657,718,1.04475,515524,370146232,265764994576,750.130141,538593.4412
658,719,1.046808,516961,371694959,267248675521,752.655096,541159.0139
659,720,1.048703,518400,373248000,268738560000,755.066376,543647.7907
660,721,1.053134,519841,374805361,270234665281,759.309902,547462.4396
661,722,1.05212,521284,376367048,271737008656,759.630423,548453.1657
662,723,1.052852,522729,377933067,273245607441,761.212357,550356.5345
663,724,1.05024,524176,379503424,274760478976,760.373905,550510.7071
664,725,1.03908,525625,381078125,276281640625,753.332855,546166.3199
665,726,1.043781,527076,382657176,277809109776,757.785006,550151.9144
666,727,1.049797,528529,384240583,279342903841,763.202637,554848.3172
667,728,1.05245,529984,385828352,280883040256,766.183746,557781.7668
668,729,1.052206,531441,387420489,282429536481,767.058101,559185.3557
669,730,1.051608,532900,389017000,283982410000,767.674059,560402.0631
670,731,1.047296,534361,390617891,285541678321,765.573376,559634.1379
671,732,1.048299,535824,392223168,287107358976,767.354868,561703.7634
672,733,1.05011,537289,393832837,288679469521,769.73063,564212.5518
673,734,1.050805,538756,395446904,290258027536,771.29065,566127.337
674,735,1.041797,540225,397065375,291843050625,765.721016,562804.9464
675,736,1.049485,541696,398688256,293434556416,772.420813,568501.7182
676,737,1.051172,543169,400315553,295032562561,774.713617,570963.9354
677,738,1.046405,544644,401947272,296637086736,772.246595,569917.987
678,739,1.044025,546121,403583419,298248146641,771.534179,570163.7586
679,740,1.041147,547600,405224000,299865760000,770.448484,570131.8782
680,741,1.048242,549081,406869021,301489944561,776.747396,575569.8205
681,742,1.045193,550564,408518488,303120718096,775.53328,575445.6939
682,743,1.041975,552049,410172407,304758098401,774.187648,575221.4224
683,744,1.046187,553536,411830784,306402103296,778.362905,579102.0012
684,745,1.04198,555025,413493625,308052750625,776.275026,578324.894
685,746,1.033036,556516,415160936,309710058256,770.644931,574901.1182
686,747,1.048892,558009,416832723,311374044081,783.522175,585291.0644
687,749,1.029734,561001,420189749,314722122001,771.271066,577682.0281
688,750,1.041769,562500,421875000,316406250000,781.326675,585995.0063
689,751,1.048495,564001,423564751,318097128001,787.419445,591352.0029
690,752,1.046325,565504,425259008,319794774016,786.836099,591700.7466
691,753,1.039776,567009,426957777,321499206081,782.951102,589562.1799
692,754,1.031179,568516,428661064,323210442256,777.508664,586241.533
693,755,1.050776,570025,430368875,324928500625,793.336258,598968.8744
694,756,1.048365,571536,432081216,326653399296,792.563864,599178.2815
695,759,1.044983,576081,437245479,331869318561,793.142325,601995.0244
696,760,1.050673,577600,438976000,333621760000,798.511404,606868.667
697,761,1.045856,579121,440711081,335381132641,795.896112,605676.9409
698,762,1.044575,580644,442450728,337147454736,795.965921,606526.0321
699,763,1.045566,582169,444194947,338920744561,797.767011,608696.2291
700,764,1.049007,583696,445943744,340701020416,801.441577,612301.365
701,765,1.038591,585225,447697125,342488300625,794.522421,607809.6521
702,766,1.041319,586756,449455096,344282603536,797.650584,611000.3472
703,767,1.026644,588289,451217663,346083947521,787.436331,603963.6663
704,768,1.041305,589824,452984832,347892350976,799.721856,614186.3854
705,769,1.044848,591361,454756609,349707832321,803.488189,617882.4173
706,771,1.03871,594441,458314011,353360102481,800.845564,617451.93
707,772,1.044482,595984,460099648,355196928256,806.33995,622494.4411
708,773,1.045437,597529,461889917,357040905841,808.122801,624678.9252
709,774,1.049497,599076,463684824,358892053776,812.310755,628728.5247
710,775,1.035765,600625,465484375,360750390625,802.718108,622106.5333
711,776,1.039991,602176,467288576,362615934976,807.033249,626257.8011
712,777,1.045671,603729,469097433,364488705441,812.4866,631302.0883
713,778,1.050397,605284,470910952,366368720656,817.20871,635788.3767
714,779,1.050224,606841,472729139,368255999281,818.12473,637319.1644
715,780,1.041375,608400,474552000,370150560000,812.2725,633572.55
716,781,1.046459,609961,476379541,372052421521,817.284479,638299.1781
717,782,1.048147,611524,478211768,373961602576,819.650798,640966.9237
718,783,1.037337,613089,480048687,375878121921,812.235028,635980.0266
719,784,1.036488,614656,481890304,377801998336,812.606278,637083.3223
720,785,1.049335,616225,483736625,379733250625,823.728054,646626.522
721,786,1.049736,617796,485587656,381671897616,825.092103,648522.393
722,787,1.039527,619369,487443403,383617958161,818.107985,643850.9843
723,788,1.040638,620944,489303872,385571451136,820.02298,646178.1086
724,789,1.049775,622521,491169069,387532395441,828.272791,653507.2318
725,790,1.043449,624100,493039000,389500810000,824.324473,651216.3337
726,791,1.046277,625681,494913671,391476713761,827.605028,654635.5771
727,792,1.04878,627264,496793088,393460125696,830.634077,657862.1888
728,793,1.039576,628849,498677257,395451064801,824.384006,653736.5167
729,794,1.030682,630436,500566184,397449550096,818.361508,649779.0374
730,796,1.037206,633616,504358336,401469235456,825.615737,657190.1268
731,797,1.044772,635209,506261573,403490473681,832.683603,663648.8314
732,798,1.048778,636804,508169592,405519334416,836.924684,667865.8982
733,799,1.04714,638401,510082399,407555836801,836.66518,668495.4785
734,800,1.047504,640000,512000000,409600000000,838.00312,670402.496
735,801,1.048984,641601,513922401,411651843201,840.235784,673028.8626
736,802,1.048642,643204,515849608,413711385616,841.011044,674490.8576
737,803,1.045436,644809,517781627,415778646481,839.485108,674106.5417
738,804,1.042668,646416,519718464,417853645056,838.304831,673997.084
739,805,1.045882,648025,521660125,419936400625,841.934688,677757.4238
740,806,1.047706,649636,523606616,422026932496,844.450955,680627.4701
741,807,1.042956,651249,525557943,424125260001,841.665411,679223.9869
742,808,1.034765,652864,527514112,426231402496,836.089716,675560.4905
743,809,1.043305,654481,529475129,428345379361,844.033907,682823.4306
744,810,1.042357,656100,531441000,430467210000,844.309413,683890.6245
745,811,1.033511,657721,533411731,432596913841,838.177826,679762.2173
746,812,1.047571,659344,535387328,434734510336,850.627896,690709.8512
747,813,1.044793,660969,537367797,436880018961,849.416465,690575.5861
748,814,1.04563,662596,539353144,439033459216,851.142901,692830.3217
749,815,1.046161,664225,541343375,441194850625,852.621378,694886.4231
750,816,1.042869,665856,543338496,443364212736,850.980778,694400.3145
751,817,1.045481,667489,545338513,445541565121,854.158222,697847.2675
752,818,1.045179,669124,547343432,447726927376,854.956258,699354.2194
753,819,1.047808,670761,549353259,449920319121,858.155162,702829.0773
754,820,1.028896,672400,551368000,452121760000,843.694392,691829.4014
755,821,1.036771,674041,553387661,454331269681,851.188909,698826.0942
756,822,1.047145,675684,555412248,456548867856,860.753026,707538.987
757,823,1.048181,677329,557441767,458774574241,862.653292,709963.6595
758,824,1.03482,678976,559476224,461008408576,852.69135,702617.6727
759,825,1.042911,680625,561515625,463250390625,860.401905,709831.5716
760,826,1.045094,682276,563559976,465500540176,863.247561,713042.4857
761,827,1.044276,683929,565609283,467758877041,863.616335,714210.7088
762,828,1.038341,685584,567663552,470025421056,859.746514,711870.1133
763,829,1.044,687241,569722789,472300192081,865.476249,717479.8102
764,830,1.044595,688900,571787000,474583210000,867.01385,719621.4955
765,833,1.046665,693889,578009537,481481944321,871.872195,726269.5384
766,834,1.04467,695556,580093704,483798149136,871.254947,726626.6256
767,835,1.047194,697225,582182875,486122700625,874.407408,730130.1853
768,836,1.043674,698896,584277056,488455618816,872.511631,729419.7237
769,837,1.043256,700569,586376253,490796923761,873.205523,730873.0228
770,838,1.045565,702244,588480472,493146635536,876.183554,734241.8181
771,839,1.046184,703921,590589719,495504774241,877.748208,736430.7467
772,840,1.04669,705600,592704000,497871360000,879.219768,738544.6051
773,841,1.044336,707281,594823321,500246412961,878.286576,738639.0104
774,842,1.04253,708964,596947688,502629953296,877.810681,739116.5934
775,843,1.047084,710649,599077107,505022001201,882.691728,744109.1265
776,844,1.047045,712336,601211584,507422576896,883.705896,745847.7759
777,845,1.046628,714025,603351125,509831700625,884.401082,747318.9147
778,846,1.042233,715716,605495736,512249392656,881.72878,745942.5475
779,847,1.025847,717409,607645423,514675673281,868.892494,735951.9422
780,849,1.036481,720801,611960049,519554081601,879.972284,747096.4692
781,850,1.043061,722500,614125000,522006250000,886.60185,753611.5725
782,851,1.028687,724201,616295051,524467088401,875.412297,744975.8644
783,852,1.042304,725904,618470208,526936617216,888.042667,756612.3525
784,853,1.048792,727609,620650477,529414856881,894.619917,763110.7894
785,854,1.047066,729316,622835864,531901827856,894.19462,763642.2057
786,855,1.047007,731025,625026375,534397550625,895.19107,765388.3653
787,856,1.0469,732736,627222016,536902045696,896.146657,767101.5382
788,857,1.045824,734449,629422793,539415333601,896.271596,768104.7582
789,858,1.044908,736164,631628712,541937434896,896.531236,769223.8001
790,859,1.045166,737881,633839779,544468370161,897.797508,771208.0595
791,860,1.045241,739600,636056000,547008160000,898.906916,773059.9478
792,861,1.045542,741321,638277381,549556825041,900.212092,775082.6116
793,862,1.045603,743044,640503928,552114385936,901.309958,776929.1841
794,863,1.044431,744769,642735647,554680863361,901.344212,777860.0549
795,864,1.045661,746496,644972544,557256278016,903.450672,780581.3806
796,865,1.043108,748225,647214625,559840650625,902.288593,780479.6329
797,866,1.045023,749956,649461896,562434001936,904.989745,783721.119
798,867,1.042286,751689,651714363,565036352721,903.662222,783475.1466
799,868,1.045639,753424,653972032,567647723776,907.614565,787809.4426
800,869,1.045497,755161,656234909,570268135921,908.536545,789518.258
801,870,1.045634,756900,658503000,572897610000,909.701319,791440.1475
802,871,1.046066,758641,660776311,575536166881,911.123834,793588.8598
803,872,1.046043,760384,663054848,578183827456,912.14967,795394.5126
804,873,1.046275,762129,665338617,580840612641,913.398511,797396.9005
805,874,1.045606,763876,667627624,583506543376,913.859906,798713.558
806,875,1.045958,765625,669921875,586181640625,915.2136,800811.9
807,876,1.045856,767376,672221376,588865925376,916.169418,802564.4102
808,877,1.045496,769129,674526133,591559418641,916.900431,804121.6775
809,878,1.045257,770884,676836152,594262141456,917.735734,805771.9743
810,879,1.045472,772641,679151439,596974114881,918.970152,807774.7633
811,880,1.045259,774400,681472000,599695360000,919.82792,809448.5696
812,881,1.04538,776161,683797841,602425897921,920.979604,811383.0309
813,882,1.04476,777924,686128968,605165749776,921.478761,812744.2672
814,883,1.044744,779689,688465387,607914936721,922.508952,814575.4046
815,884,1.043446,781456,690807104,610673479936,922.40591,815406.8248
816,885,1.044229,783225,693154125,613441400625,924.143107,817866.6501
817,886,1.044922,784996,695506456,616218720016,925.800538,820259.2763
818,887,1.044175,786769,697864103,619005459361,926.183136,821524.4419
819,888,1.044636,788544,700227072,621801639936,927.636679,823741.3711
820,889,1.044506,790321,702595369,624607283041,928.565923,825495.1055
821,890,1.044744,792100,704969000,627422410000,929.822071,827541.6432
822,891,1.044478,793881,707347971,630247042161,930.630165,829191.4773
823,892,1.044326,795664,709732288,633081200896,931.538346,830932.2046
824,893,1.044461,797449,712121957,635924907601,932.703584,832904.3002
825,894,1.043952,799236,714516984,638778183696,933.292999,834363.9407
826,895,1.043522,801025,716917375,641641050625,933.95219,835887.21
827,896,1.044124,802816,719323136,644513529856,935.534746,838239.1321
828,897,1.044036,804609,721734273,647395642881,936.500561,840041.0033
829,898,1.044362,806404,724150792,650287411216,937.837166,842177.7749
830,899,1.04452,808201,726572699,653188856401,939.02321,844181.8661
831,900,1.044654,810000,729000000,656100000000,940.18851,846169.659
832,901,1.035649,811801,731432701,659020863601,933.119839,840740.975
833,902,1.0448,813604,733870808,661951468816,942.410051,850053.866
834,903,1.044933,815409,736314327,664891837281,943.574318,852047.6095
835,904,1.044018,817216,738763264,667841990656,943.79191,853187.887
836,905,1.04453,819025,741217625,670801950625,945.299559,855496.1013
837,906,1.044307,820836,743677416,673771738896,946.142233,857204.8627
838,907,1.043955,822649,746142643,676751377201,946.867004,858808.3723
839,908,1.043496,824464,748613312,679740887296,947.494096,860324.6388
840,909,1.04099,826281,751089429,682740290961,946.260364,860150.6713
841,910,1.042083,828100,753571000,685749610000,948.29553,862948.9323
842,911,1.04252,829921,756058031,688768866241,949.735902,865209.4069
843,912,1.042874,831744,758550528,691798081536,951.101179,867404.2754
844,913,1.043024,833569,761048497,694837277761,952.280456,869432.0559
845,914,1.042229,835396,763551944,697886476816,952.597672,870674.2718
846,915,1.043194,837225,766060875,700945700625,954.522968,873388.5153
847,916,1.040631,839056,768575296,704014971136,953.218362,873148.02
848,917,1.040604,840889,771095213,707094310321,954.233685,875032.2888
849,918,1.041035,842724,773620632,710183740176,955.670497,877305.5164
850,919,1.042332,844561,776151559,713283282721,957.90274,880312.6184
851,920,1.037818,846400,778688000,716392960000,954.792836,878409.4091
852,921,1.041466,848241,781229961,719512794081,959.190186,883414.1613
853,922,1.042851,850084,783777448,722642807056,961.508991,886511.2895
854,923,1.041073,851929,786330467,725783021041,960.910748,886920.6206
855,924,1.04142,853776,788889024,728933458176,962.272172,889139.4873
856,925,1.041479,855625,791453125,732094140625,963.36826,891115.6405
857,926,1.041783,857476,794022776,735265090576,964.690688,893303.5767
858,927,1.041655,859329,796597983,738446330241,965.614463,895124.6073
859,928,1.039679,861184,799178752,741637881856,964.821741,895354.5755
860,929,1.041935,863041,801765089,744839767681,967.957336,899232.3654
861,930,1.041189,864900,804357000,748052010000,968.305491,900524.1066
862,931,1.042021,866761,806954491,751274631121,970.122016,903183.5974
863,932,1.040633,868624,809557568,754507653376,969.869583,903918.4515
864,933,1.040574,870489,812166237,757751099121,970.855822,905808.4818
865,934,1.04098,872356,814780504,761004990736,972.275227,908105.0616
866,935,1.040159,874225,817400375,764269350625,972.548665,909333.0018
867,936,1.040844,876096,820025856,767544201216,974.229516,911878.827
868,937,1.041151,877969,822656953,770829564961,975.5583,914098.1267
869,938,1.040284,879844,825293672,774125464336,975.786298,915287.5477
870,939,1.040717,881721,827936019,777431921841,977.233169,917621.9458
871,940,1.040363,883600,830584000,780748960000,977.941596,919265.1002
872,941,1.04018,885481,833237621,784076601361,978.809662,921059.8922
873,942,1.040533,887364,835896888,787414868496,980.182463,923331.88
874,943,1.040307,889249,838561807,790763784001,981.00969,925092.1373
875,944,1.039661,891136,841232384,794123370496,981.439606,926478.9884
876,945,1.035804,893025,843908625,797493650625,978.834496,924998.5992
877,946,1.040701,894916,846590536,800874647056,984.502957,931339.7971
878,947,1.041296,896809,849278123,804266382481,986.107217,933843.5348
879,948,1.040963,898704,851971392,807668879616,986.832829,935517.5221
880,949,1.04031,900601,854670349,811082161201,987.254664,936904.6766
881,950,1.0368,902500,857375000,814506250000,984.96038,935712.361
882,951,1.04143,904401,860085351,817941168801,990.39993,941870.3334
883,952,1.039399,906304,862801408,821386940416,989.507848,942011.4713
884,953,1.04053,908209,865523177,824843587681,991.625185,945018.8016
885,954,1.040575,910116,868250664,828311133456,992.708645,947044.0477
886,955,1.040099,912025,870983875,831789600625,993.294927,948596.6553
887,956,1.038647,913936,873722816,835279012096,992.946819,949257.1588
888,957,1.038918,915849,876467493,838779390801,994.244813,951492.2861
889,958,1.039237,917764,879217912,842290759696,995.589046,953774.3061
890,959,1.039138,919681,881974079,845813141761,996.533726,955675.8429
891,960,1.039317,921600,884736000,849346560000,997.744704,957834.9158
892,961,1.040107,923521,887503681,852891037441,999.542731,960560.5644
893,962,1.038788,925444,890277128,856446597136,999.314152,961340.2144
894,963,1.039635,927369,893056347,860013262161,1001.168698,964125.4558
895,964,1.039667,929296,895841344,863591055616,1002.238988,966158.3844
896,965,1.040328,931225,898632125,867180000625,1003.917002,968779.9074
897,966,1.0378,933156,901428696,870780120336,1002.515186,968429.6701
898,967,1.039861,935089,904231063,874391437921,1005.545877,972362.8632
899,968,1.040024,937024,907039232,878013976576,1006.742845,974527.0738
900,969,1.039369,938961,909853209,881647759521,1007.148464,975926.8617
901,970,1.039685,940900,912673000,885292810000,1008.494547,978239.7106
902,971,1.039724,942841,915498611,888949151281,1009.571518,980293.9445
903,972,1.038919,944784,918330048,892616806656,1009.828782,981553.5761
904,973,1.038785,946729,921167317,896295799441,1010.738097,983448.1683
905,974,1.040009,948676,924010424,899986152976,1012.968571,986631.3883
906,975,1.039487,950625,926859375,903687890625,1013.500312,988162.8047
907,976,1.039411,952576,929714176,907401035776,1014.464843,990117.687
908,977,1.039267,954529,932574833,911125611841,1015.363957,992010.5857
909,978,1.039625,956484,935441352,914861642256,1016.753641,994385.0611
910,979,1.038941,958441,938313739,918609150481,1017.123337,995763.7468
911,980,1.039036,960400,941192000,922368160000,1018.255672,997890.5586
912,981,1.039283,962361,944076141,926138694321,1019.536231,1000165.0422
913,982,1.039104,964324,946966168,929920776976,1020.399833,1002032.6364
914,983,1.038846,966289,949862087,933714431521,1021.185618,1003825.4625
915,984,1.039367,968256,952763904,937519681536,1022.736734,1006372.9466
916,985,1.038511,970225,955671625,941336550625,1022.933729,1007589.7231
917,986,1.038763,972196,958585256,945165062416,1024.220614,1009881.5252
918,987,1.038576,974169,961504803,949005240561,1025.074512,1011748.5433
919,988,1.039616,976144,964430272,952857108736,1027.140213,1014814.5302
920,989,1.038425,978121,967361669,956720690641,1027.001831,1015704.8104
921,990,1.038235,980100,970299000,960596010000,1027.852848,1017574.3195
922,991,1.038181,982081,973242271,964483090561,1028.837173,1019577.6382
923,992,1.038467,984064,976191488,968381956096,1030.158966,1021917.6947
924,993,1.038632,986049,979146657,972292630401,1031.361278,1024141.7492
925,994,1.038928,988036,982107784,976215137296,1032.69483,1026498.6606
926,995,1.038431,990025,985074875,980149500625,1033.238646,1028072.4528
927,996,1.038292,992016,988047936,984095744256,1034.139031,1030002.4751
928,997,1.038328,994009,991026973,988053892081,1035.213514,1032107.874
929,998,1.039122,996004,994011992,992023968016,1037.043756,1034969.6685
930,999,1.038706,998001,997002999,996005996001,1037.667494,1036629.8263
931,1000,1.038912,1000000,1000000000,1000000000000,1038.9125,1038912.5
932,1001,1.03859,1002001,1003003001,1004006004001,1039.62809,1040667.7176
933,1002,1.03912,1004004,1006012008,1008024032016,1041.198641,1043281.0381
934,1003,1.038671,1006009,1009027027,1012054108081,1041.787414,1044912.7764
935,1004,1.0392,1008016,1012048064,1016096256256,1043.357101,1047530.5296
936,1005,1.038798,1010025,1015075125,1020150500625,1043.992492,1049212.455
937,1006,1.038752,1012036,1018108216,1024216865296,1044.984914,1051254.8239
938,1007,1.038227,1014049,1021147343,1028295374401,1045.49469,1052813.1525
939,1008,1.038262,1016064,1024192512,1032386052096,1046.567995,1054940.5392
940,1009,1.038129,1018081,1027243729,1036488922561,1047.472363,1056899.6141
941,1010,1.038644,1020100,1030301000,1040604010000,1049.029935,1059520.2344
942,1011,1.03838,1022121,1033364331,1044731338641,1049.801978,1061349.7996
943,1012,1.038734,1024144,1036433728,1048870932736,1051.199213,1063813.6034
944,1013,1.038408,1026169,1039509197,1053022816561,1051.907507,1065582.3042
945,1014,1.038403,1028196,1042590744,1057187014416,1052.940946,1067682.1194
946,1015,1.038251,1030225,1045678375,1061363550625,1053.824562,1069631.9304
947,1016,1.0386,1032256,1048772096,1065552449536,1055.218006,1072101.4945
948,1017,1.038269,1034289,1051871913,1069753735521,1055.919878,1073870.516
949,1018,1.038015,1036324,1054977832,1073967432976,1056.699677,1075720.2714
950,1019,1.038009,1038361,1058089859,1078193566321,1057.731069,1077827.9594
951,1020,1.038156,1040400,1061208000,1082432160000,1058.919426,1080097.8145
952,1021,1.038091,1042441,1064332261,1086683238481,1059.890809,1082148.5159
953,1022,1.038057,1044484,1067462648,1090946826256,1060.894458,1084234.1365
954,1023,1.038161,1046529,1070599167,1095222947841,1062.03901,1086465.9071
955,1024,1.037668,1048576,1073741824,1099511627776,1062.572032,1088073.7608
956,1025,1.038175,1050625,1076890625,1103812890625,1064.129477,1090732.7144
957,1026,1.037522,1052676,1080045576,1108126760976,1064.49788,1092174.8247
958,1027,1.037714,1054729,1083206683,1112453263441,1065.732073,1094506.8386
959,1028,1.037604,1056784,1086373952,1116792422656,1066.656809,1096523.1999
960,1029,1.037638,1058841,1089547389,1121144263281,1067.729605,1098693.7634
961,1030,1.036672,1060900,1092727000,1125508810000,1067.772366,1099805.537
962,1031,1.037188,1062961,1095912791,1129886087521,1069.341137,1102490.7126
963,1032,1.037078,1065024,1099104768,1134276120576,1070.264496,1104512.9599
964,1033,1.037319,1067089,1102302937,1138678933921,1071.550114,1106911.2676
965,1034,1.037408,1069156,1105507304,1143094552336,1072.680286,1109151.4153
966,1035,1.036459,1071225,1108717875,1147523000625,1072.734651,1110280.3638
967,1036,1.03688,1073296,1111934656,1151964303616,1074.207991,1112879.4785
968,1037,1.036782,1075369,1115157653,1156418486161,1075.143038,1114923.3301
969,1038,1.036449,1077444,1118386872,1160885573136,1075.833751,1116715.4331
970,1039,1.036749,1079521,1121622319,1165365589441,1077.182419,1119192.5331
971,1040,1.036824,1081600,1124864000,1169858560000,1078.297272,1121429.1629
972,1041,1.03685,1083681,1128111921,1174364509761,1079.361162,1123614.97
973,1042,1.036988,1085764,1131366088,1178883463696,1080.541496,1125924.2388
974,1043,1.036646,1087849,1134626507,1183415446801,1081.221569,1127714.0969
975,1044,1.037051,1089936,1137893184,1187960484096,1082.680931,1130318.8918
976,1045,1.036622,1092025,1141166125,1192518600625,1083.26999,1132017.1396
977,1046,1.036436,1094116,1144445336,1197089821456,1084.112161,1133981.32
978,1047,1.036977,1096209,1147730823,1201674171681,1085.715233,1136743.8491
979,1048,1.036675,1098304,1151022592,1206271676416,1086.435714,1138584.6287
980,1049,1.03662,1100401,1154320649,1210882360801,1087.414485,1140697.7947
981,1050,1.036702,1102500,1157625000,1215506250000,1088.53689,1142963.7345
982,1051,1.036768,1104601,1160935651,1220143369201,1089.643273,1145215.08
983,1052,1.03666,1106704,1164252608,1224793743616,1090.566741,1147276.2113
984,1053,1.035921,1108809,1167575877,1229457398481,1090.824708,1148638.4172
985,1054,1.036233,1110916,1170905464,1234134359056,1092.189371,1151167.5972
986,1055,1.035984,1113025,1174241375,1238824650625,1092.96312,1153076.0916
987,1056,1.036286,1115136,1177583616,1243528298496,1094.318122,1155599.9364
988,1057,1.036345,1117249,1180932193,1248245328001,1095.417088,1157855.8618
989,1058,1.036164,1119364,1184287112,1252975764496,1096.261829,1159845.0155
990,1059,1.036328,1121481,1187648379,1257719633361,1097.47167,1162222.4982
991,1060,1.03537,1123600,1191016000,1262476960000,1097.492412,1163341.9567
992,1061,1.036152,1125721,1194389981,1267247769841,1099.357484,1166418.2907
993,1062,1.035022,1127844,1197770328,1272032088336,1099.193789,1167343.8037
994,1063,1.035448,1129969,1201157047,1276829940961,1100.681649,1170024.5931
995,1064,1.035789,1132096,1204550144,1281641353216,1102.079496,1172612.5837
996,1065,1.035259,1134225,1207949625,1286466350625,1102.550516,1174216.299
997,1066,1.035548,1136356,1211355496,1291304958736,1103.893635,1176750.6149
998,1067,1.035187,1138489,1214767763,1296157203121,1104.544316,1178548.7847
999,1068,1.035427,1140624,1218186432,1301023109376,1105.835929,1181032.7724
1000,1069,1.035566,1142761,1221611509,1305902703121,1107.020375,1183404.7806
1001,1070,1.035011,1144900,1225043000,1310796010000,1107.461342,1184983.6359
1002,1071,1.035574,1147041,1228480911,1315703055681,1109.09954,1187845.6071
1003,1072,1.035009,1149184,1231925248,1320623865856,1109.530077,1189416.2423
1004,1073,1.035075,1151329,1235376017,1325558466241,1110.635153,1191711.5193
1005,1074,1.035493,1153476,1238833224,1330506882576,1112.119267,1194416.093
1006,1075,1.03525,1155625,1242296875,1335469140625,1112.894072,1196361.1279
1007,1076,1.034974,1157776,1245766976,1340445266176,1113.631916,1198267.942
1008,1077,1.033973,1159929,1249243533,1345435285041,1113.588598,1199334.9199
1009,1078,1.034607,1162084,1252726552,1350439223056,1115.306562,1202300.4734
1010,1079,1.034304,1164241,1256216039,1355457106081,1116.01434,1204179.4725
1011,1080,1.034834,1166400,1259712000,1360488960000,1117.621152,1207030.8442
1012,1081,1.034313,1168561,1263214441,1365534810721,1118.092029,1208657.483
1013,1082,1.034174,1170724,1266723368,1370594684176,1118.975727,1210731.7366
1014,1083,1.034246,1172889,1270238787,1375668606321,1120.087985,1213055.2875
1015,1084,1.034439,1175056,1273760704,1380756603136,1121.331984,1215523.8711
1016,1085,1.034642,1177225,1277289125,1385858700625,1122.586462,1218006.3107
1017,1086,1.034355,1179396,1280824056,1390974924816,1123.309421,1219914.0316
1018,1087,1.034108,1181569,1284365503,1396105301761,1124.075613,1221870.1918
1019,1088,1.03448,1183744,1287913472,1401249857536,1125.513696,1224558.9012
1020,1089,1.033915,1185921,1291467969,1406408618241,1125.933217,1226141.2735
1021,1090,1.033767,1188100,1295029000,1411581610000,1126.805594,1228218.0975
1022,1091,1.033653,1190281,1298596571,1416768858961,1127.714878,1230336.9314
1023,1092,1.034058,1192464,1302170688,1421970391296,1129.191664,1233077.2967
1024,1093,1.0336,1194649,1305751357,1427186233201,1129.725128,1234789.5648
1025,1094,1.033855,1196836,1309338584,1432416410896,1131.037589,1237355.1221
1026,1095,1.033312,1199025,1312932375,1437660950625,1131.476421,1238966.681
1027,1096,1.033223,1201216,1316532736,1442919878656,1132.412627,1241124.2394
1028,1097,1.033228,1203409,1320139673,1448193221281,1133.451116,1243395.8743
1029,1098,1.033473,1205604,1323753192,1453481004816,1134.753354,1245959.1827
1030,1099,1.033695,1207801,1327373299,1458783255601,1136.031025,1248498.0963
1031,1100,1.033379,1210000,1331000000,1464100000000,1136.71668,1250388.348
1032,1101,1.032873,1212201,1334633301,1469431264401,1137.192953,1252049.441
1033,1102,1.033146,1214404,1338273208,1474777075216,1138.527002,1254656.7564
1034,1103,1.033216,1216609,1341919727,1480137458881,1139.637138,1257019.7629
1035,1104,1.033344,1218816,1345572864,1485512441856,1140.812218,1259456.6882
1036,1105,1.033302,1221025,1349232625,1490902050625,1141.7986,1261687.4524
1037,1106,1.033336,1223236,1352899016,1496306311696,1142.869837,1264014.0399
1038,1107,1.033467,1225449,1356572043,1501725251601,1144.04819,1266461.3468
1039,1108,1.033182,1227664,1360251712,1507158896896,1144.765434,1268400.1013
1040,1109,1.033389,1229881,1363938029,1512607274161,1146.028845,1270945.9887
1041,1110,1.032292,1232100,1367631000,1518070410000,1145.844342,1271887.2196
1042,1111,1.033007,1234321,1371330631,1523548331041,1147.670777,1275062.2332
1043,1112,1.032326,1236544,1375036928,1529041063936,1147.946734,1276516.7687
1044,1113,1.032814,1238769,1378749897,1534548635361,1149.521426,1279417.3466
1045,1114,1.032938,1240996,1382469544,1540071072016,1150.693378,1281872.4226
1046,1115,1.031887,1243225,1386195875,1545608400625,1150.554116,1282867.8399
1047,1116,1.032615,1245456,1389928896,1551160647936,1152.398786,1286077.0456
1048,1117,1.032218,1247689,1393668613,1556727840721,1152.987171,1287886.6699
1049,1118,1.032669,1249924,1397415032,1562310005776,1154.524501,1290758.3921
1050,1119,1.031916,1252161,1401168159,1567907169921,1154.713668,1292124.5948
1051,1120,1.031869,1254400,1404928000,1573519360000,1155.693056,1294376.2227
1052,1121,1.031739,1256641,1408694561,1579146602881,1156.579531,1296525.6544
1053,1122,1.031455,1258884,1412467848,1584788925456,1157.292398,1298482.0703
1054,1123,1.03168,1261129,1416247867,1590446354641,1158.576752,1301081.6928
1055,1124,1.031988,1263376,1420034624,1596118917376,1159.9544,1303788.7452
1056,1125,1.031149,1265625,1423828125,1601806640625,1160.042175,1305047.4469
1057,1126,1.031329,1267876,1427628376,1607509551376,1161.276004,1307596.7801
1058,1127,1.031759,1270129,1431435383,1613227676641,1162.792393,1310467.0269
1059,1128,1.031597,1272384,1435249152,1618961043456,1163.641078,1312587.1355
1060,1129,1.031086,1274641,1439069689,1624709678881,1164.09553,1314263.8528
1061,1130,1.030809,1276900,1442897000,1630473610000,1164.813944,1316239.7567
1062,1131,1.031828,1279161,1446731091,1636252863921,1166.997242,1319873.8805
1063,1132,1.031197,1281424,1450571968,1642047467776,1167.31523,1321400.8408
1064,1133,1.031487,1283689,1454419637,1647857448721,1168.674998,1324108.7723
1065,1134,1.030822,1285956,1458274104,1653682833936,1168.952375,1325591.993
1066,1135,1.031468,1288225,1462135375,1659523650625,1170.716748,1328763.5084
1067,1136,1.031458,1290496,1466003456,1665379926016,1171.736856,1331093.0684
1068,1137,1.030561,1292769,1469878353,1671251687361,1171.747971,1332277.4427
1069,1138,1.030556,1295044,1473760072,1677138961936,1172.772842,1334615.494
1070,1139,1.030516,1297321,1477648619,1683041777041,1173.75761,1336909.9179
1071,1140,1.030526,1299600,1481544000,1688960160000,1174.80021,1339272.2394
1072,1141,1.030196,1301881,1485446221,1694894138161,1175.45375,1341192.7289
1073,1142,1.030444,1304164,1489355288,1700843738896,1176.766477,1343867.3167
1074,1143,1.030073,1306449,1493271207,1706808989601,1177.373325,1345737.7101
1075,1144,1.030324,1308736,1497193984,1712789917696,1178.69077,1348422.2413
1076,1145,1.029824,1311025,1501123625,1718786550625,1179.14848,1350125.0096
1077,1146,1.030022,1313316,1505060136,1724798915856,1180.405556,1352744.7669
1078,1147,1.030287,1315609,1509003523,1730827040881,1181.739074,1355454.7182
1079,1148,1.030225,1317904,1512953792,1736870953216,1182.698644,1357738.0438
1080,1149,1.029429,1320201,1516910949,1742930680401,1182.813461,1359052.6671
1081,1150,1.0299,1322500,1520875000,1749006250000,1184.38477,1362042.4855
1082,1151,1.029354,1324801,1524845951,1755097689601,1184.786339,1363689.0761
1083,1152,1.029575,1327104,1528823808,1761205026816,1186.069824,1366352.4372
1084,1153,1.029398,1329409,1532808577,1767328289281,1186.89624,1368491.3646
1085,1154,1.029162,1331716,1536800264,1773467504656,1187.653179,1370551.7683
1086,1155,1.029492,1334025,1540798875,1779622700625,1189.06326,1373368.0653
1087,1156,1.029654,1336336,1544804416,1785793904896,1190.28014,1375963.8414
1088,1157,1.029807,1338649,1548816893,1791981145201,1191.486583,1378549.9769
1089,1158,1.029033,1340964,1552836312,1798184449296,1191.620561,1379896.6101
1090,1159,1.02912,1343281,1556862679,1804403844961,1192.75008,1382397.3427
1091,1160,1.028875,1345600,1560896000,1810639360000,1193.495,1384454.2
1092,1161,1.028919,1347921,1564936281,1816891022241,1194.575191,1386901.797
1093,1162,1.028962,1350244,1568983528,1823158859536,1195.654193,1389350.1718
1094,1163,1.028968,1352569,1573037747,1829442899761,1196.689435,1391749.813
1095,1164,1.029046,1354896,1577098944,1835743170816,1197.810126,1394250.9867
1096,1165,1.028814,1357225,1581167125,1842059700625,1198.568077,1396331.8097
1097,1166,1.028474,1359556,1585242296,1848392517136,1199.200567,1398267.8616
1098,1167,1.02823,1361889,1589324463,1854741648321,1199.94441,1400335.1265
1099,1168,1.028346,1364224,1593413632,1861107122176,1201.108712,1402894.9756
1100,1169,1.02812,1366561,1597509809,1867488966721,1201.872631,1404989.1053
1101,1170,1.027757,1368900,1601613000,1873887210000,1202.475339,1406896.1466
1102,1171,1.028087,1371241,1605723211,1880301880081,1203.88976,1409754.9088
1103,1172,1.028422,1373584,1609840448,1886733005056,1205.310701,1412624.1418
1104,1173,1.028302,1375929,1613964717,1893180613041,1206.197894,1414870.1298
1105,1174,1.027766,1378276,1618096024,1899644732176,1206.596814,1416544.6601
1106,1175,1.027971,1380625,1622234375,1906125390625,1207.865572,1419242.0477
1107,1176,1.027877,1382976,1626379776,1912622616576,1208.783234,1421529.0837
1108,1177,1.027122,1385329,1630532233,1919136438241,1208.922241,1422901.4775
1109,1178,1.027259,1387684,1634691752,1925666883856,1210.111338,1425511.1557
1110,1179,1.027509,1390041,1638858339,1932213981681,1211.433347,1428279.9159
1111,1180,1.026854,1392400,1643032000,1938777760000,1211.688192,1429792.0666
1112,1181,1.02726,1394761,1647212741,1945358247121,1213.193942,1432782.0454
1113,1182,1.027007,1397124,1651400568,1951955471376,1213.922156,1434855.9882
1114,1183,1.026524,1399489,1655595487,1958569461121,1214.378365,1436609.606
1115,1184,1.026892,1401856,1659797504,1965200244736,1215.84001,1439554.5714
1116,1185,1.026472,1404225,1664006625,1971847850625,1216.36932,1441397.6442
1117,1186,1.0267,1406596,1668222856,1978512307216,1217.6662,1444152.1132
1118,1187,1.026499,1408969,1672446203,1985193642961,1218.453838,1446304.7059
1119,1188,1.026677,1411344,1676676672,1991891886336,1219.692038,1448994.1416
1120,1189,1.02621,1413721,1680914269,1998607065841,1220.163452,1450774.3447
Σ,697406,1179.37097,554612058,495627251390,472505647098402,729213.275098,577619185.2652
